<?xml version="1.0" encoding="utf-8"?>
<Document DocGuid="{0c56b73a-b80c-4f8b-9757-f329f645a9e4}" Version="14.5.4" OS="Win">
    <DocConfig>
        <Solution V="501"/>
        <SolMask V="0"/>
        <UpdatePageName V="FALSE"/>
        <ShowGrid V="TRUE"/>
        <ShowRuler V="TRUE"/>
        <ShowGuideline V="TRUE"/>
        <ShowPageBreak V="TRUE"/>
        <OrgAutoLayout V="TRUE"/>
        <mmAutoLayout V="TRUE"/>
        <mmLockCon V="TRUE"/>
        <IgnoreDefCntStyle V="FALSE"/>
        <IgnoreDefFont V="FALSE"/>
        <ElectricalCrossStyle V="0"/>
    </DocConfig>
    <Stencils>
        <Stencil Path="258"/>
    </Stencils>
    <ActivePageIndex V="0"/>
    <Pages V="1"/>
    <Dpi V="1"/>
    <ScreenWidth V="1600"/>
    <ScreenHeight V="900"/>
    <Platform V="desk"/>
    <CreatedDate V="2025-07-28 10:09:38"/>
    <Creator V="cclab"/>
    <ModifiedDate V="2025-07-28 11:03:33"/>
    <Modifier V="cclab"/>
    <CloneID V="0"/>
    <ModifiedFromClone V="TRUE"/>
</Document>
