<?xml version="1.0" encoding="utf-8"?>
<Themes>
    <Theme Name="Plain and Universal" ID="36">
        <ThemeColor Name="Novel" Shadow="#21000000" ID="83">
            <ColorScheme Accent4="#ffff7e79" Accent7="#ff7991ff" Accent6="#ff8dc0ff" Accent2="#ff467dfe" Accent3="#ff4155c6" Accent1="#ff4ed7c5" Accent8="#fffe9d17" Accent5="#ffffcc53"/>
            <ColorScheme Accent4="#ff467dfe" Accent7="#ffffcc53" Accent6="#ffff7e79" Accent2="#ff00399d" Accent3="#ff4ed7c5" Accent1="#ffff6863" Accent8="#ff7991ff" Accent5="#ff4155c6"/>
        </ThemeColor>
        <ThemeEffect Name="new Theme1" ID="36">
            <ShapeFormat QuickMask="-1">
                <FillFormat Type="Solid">
                    <Color V="#ffffffff" ThemeColor="1"/>
                </FillFormat>
                <LineFormat>
                    <LineWeight V="1.66667"/>
                    <LineCap V="Flat"/>
                    <LinePattern ID="1"/>
                    <BeginArrow ID="0" Size="4"/>
                    <EndArrow ID="0" Size="4"/>
                    <CompoundType V="0"/>
                    <LineFill Type="Solid">
                        <Color Shade="50" Ref="#999999" V="#ff6f6f6f" ThemeColor="5"/>
                    </LineFill>
                </LineFormat>
                <EffectFormat>
                    <Shadow Mode="0"/>
                </EffectFormat>
            </ShapeFormat>
            <ShapeFormat QuickMask="-1">
                <FillFormat Type="Solid">
                    <Color Ref="#999999" V="#ffefefef" Tint="80" ThemeColor="5"/>
                </FillFormat>
                <LineFormat>
                    <LineWeight V="1"/>
                    <LineCap V="Flat"/>
                    <LinePattern ID="1"/>
                    <BeginArrow ID="0" Size="4"/>
                    <EndArrow ID="0" Size="4"/>
                    <CompoundType V="0"/>
                    <LineFill Type="Solid">
                        <Color V="#ff999999" ThemeColor="5"/>
                    </LineFill>
                </LineFormat>
                <EffectFormat>
                    <Shadow Mode="0"/>
                </EffectFormat>
            </ShapeFormat>
            <ShapeFormat QuickMask="-1">
                <FillFormat Type="Solid">
                    <Color Ref="#999999" V="#ffefefef" Tint="80" ThemeColor="5"/>
                </FillFormat>
                <LineFormat>
                    <LineWeight V="3"/>
                    <LineCap V="Flat"/>
                    <LinePattern ID="1"/>
                    <BeginArrow ID="0" Size="4"/>
                    <EndArrow ID="0" Size="4"/>
                    <CompoundType V="0"/>
                    <LineFill Type="Solid">
                        <Color Ref="#999999" V="#ffefefef" Tint="80" ThemeColor="5"/>
                    </LineFill>
                </LineFormat>
                <EffectFormat>
                    <Shadow Mode="0"/>
                </EffectFormat>
            </ShapeFormat>
            <ShapeFormat QuickMask="-1">
                <FillFormat Type="Solid">
                    <Color V="#ffffffff"/>
                </FillFormat>
                <LineFormat>
                    <LineWeight V="1"/>
                    <LineCap V="Flat"/>
                    <LinePattern ID="1"/>
                    <BeginArrow ID="0" Size="4"/>
                    <EndArrow ID="0" Size="4"/>
                    <CompoundType V="0"/>
                    <LineFill Type="Solid">
                        <Color Shade="90" Ref="#999999" V="#ff323232" ThemeColor="5"/>
                    </LineFill>
                </LineFormat>
                <EffectFormat>
                    <Shadow Mode="0"/>
                </EffectFormat>
            </ShapeFormat>
            <ShapeFormat QuickMask="-1">
                <FillFormat Type="Solid">
                    <Color Ref="#999999" V="#ffdedede" Tint="60" ThemeColor="5"/>
                </FillFormat>
                <LineFormat>
                    <LineWeight V="2.33333"/>
                    <LineCap V="Flat"/>
                    <LinePattern ID="1"/>
                    <BeginArrow ID="0" Size="4"/>
                    <EndArrow ID="0" Size="4"/>
                    <CompoundType V="0"/>
                    <LineFill Type="Solid">
                        <Color Shade="70" Ref="#999999" V="#ff575757" ThemeColor="5"/>
                    </LineFill>
                </LineFormat>
                <EffectFormat>
                    <Shadow Mode="0"/>
                </EffectFormat>
            </ShapeFormat>
            <ShapeFormat QuickMask="-1">
                <FillFormat Type="Solid">
                    <Color Shade="80" Ref="#999999" V="#ff474747" ThemeColor="5"/>
                </FillFormat>
                <LineFormat>
                    <LineWeight V="1"/>
                    <LineCap V="Flat"/>
                    <LinePattern ID="1"/>
                    <BeginArrow ID="0" Size="4"/>
                    <EndArrow ID="0" Size="4"/>
                    <CompoundType V="0"/>
                    <LineFill Type="Solid">
                        <Color Shade="80" Ref="#999999" V="#ff474747" ThemeColor="5"/>
                    </LineFill>
                </LineFormat>
                <EffectFormat>
                    <Shadow Mode="0"/>
                </EffectFormat>
            </ShapeFormat>
            <FontColor>
                <Color V="#ff191919"/>
                <Color V="#ff191919"/>
                <Color V="#ff191919"/>
                <Color V="#ff191919"/>
                <Color V="#ff191919"/>
                <Color V="#ffffffff"/>
                <Color V="#ff191919"/>
                <Color V="#ff191919"/>
            </FontColor>
        </ThemeEffect>
        <ThemeConnector Name="General 1" ID="54">
            <ConnectorScheme>
                <LineFormat>
                    <LineWeight V="1"/>
                    <LineCap V="Flat"/>
                    <LinePattern ID="1"/>
                    <BeginArrow ID="0" Size="3"/>
                    <EndArrow ID="4" Size="3"/>
                    <CompoundType V="0"/>
                    <LineFill Type="Solid">
                        <Color Ref="#000" V="#ff191919" Tint="1" ThemeColor="2"/>
                    </LineFill>
                </LineFormat>
                <EffectFormat>
                    <Shadow Mode="0"/>
                </EffectFormat>
            </ConnectorScheme>
        </ThemeConnector>
        <ThemeText Name="Arial" TabStop="80" ID="3" TextFormatMask="0" VAlign="Center">
            <Color V="#ff000000"/>
            <Character IX="0" Color="#ffffff" Size="12" Family="Arial"/>
            <Paragraph IndRight="0" IX="0" SpLine="100" IndFirst="0" Align="4" IndLeft="0"/>
            <Margins Bottom="4" Left="4" Top="4" Right="4"/>
            <FontSchemeLst>
                <FontScheme FontSize="12" FontName="Arial" Flag="0">
                    <Color V="#ff000000"/>
                </FontScheme>
                <FontScheme FontSize="12" FontName="Arial" Flag="0">
                    <Color V="#ff000000"/>
                </FontScheme>
                <FontScheme FontSize="12" FontName="Arial" Flag="0">
                    <Color V="#ff000000"/>
                </FontScheme>
                <FontScheme FontSize="12" FontName="Arial" Flag="0">
                    <Color V="#ff000000"/>
                </FontScheme>
                <FontScheme FontSize="12" FontName="Arial" Flag="0">
                    <Color V="#ff000000"/>
                </FontScheme>
                <FontScheme FontSize="12" FontName="Arial" Flag="1">
                    <Color V="#ff000000"/>
                </FontScheme>
                <FontScheme FontSize="12" FontName="Arial" Flag="0">
                    <Color V="#ff000000"/>
                </FontScheme>
                <FontScheme FontSize="12" FontName="Arial" Flag="0">
                    <Color V="#ff000000"/>
                </FontScheme>
            </FontSchemeLst>
        </ThemeText>
    </Theme>
</Themes>
